{"cameraMode":{"drawMode":0,"name":"Shaded","section":"Shading Mode"},"sceneLighting":false,"audioPlay":false,"sceneViewState":{"m_AlwaysRefresh":false,"showFog":true,"showSkybox":true,"showFlares":true,"showImageEffects":true,"showParticleSystems":true,"showVisualEffectGraphs":true,"m_FxEnabled":true},"in2DMode":false,"pivot":{"x":-0.020983221009373666,"y":0.023955417796969415,"z":0.01908598281443119},"rotation":{"x":-0.07943642884492874,"y":0.9139717221260071,"z":-0.21815933287143708,"w":-0.33279627561569216},"size":8.615073204040528,"orthographic":false}